"1","pggjr0d2oj9s","BELLE SKINNY",NULL,"0","2020-08-07 13:38:45","2020-10-16 17:27:24",NULL
"2","222","test","テスト","1","2020-08-07 13:51:13","2020-08-07 13:51:16","2020-08-07 13:51:16"
"3","pgh80dui6are","ルナブラ",NULL,"0","2020-08-07 14:21:08","2020-08-31 22:52:31",NULL
"4","pghfqoqxrg31","和麹づくしの雑穀生酵素",NULL,"1","2020-08-07 14:21:20","2020-08-07 14:21:20",NULL
"5","pghfqwrux1l6","よくばりキレイの生酵素",NULL,"1","2020-08-07 14:21:29","2020-08-07 14:21:29",NULL
"6","pghfr1r6qn5f","メタシボリ",NULL,"1","2020-08-07 14:21:38","2020-08-07 14:21:38",NULL
"7","pghfrasc73em","メタシボリ ( 商標 )",NULL,"1","2020-08-07 14:21:47","2020-08-07 14:21:47",NULL
"8","pghfvm8oq2t5","鍛神",NULL,"1","2020-08-07 14:21:55","2020-08-07 14:21:55",NULL
"9","pghfvpzpwcbc","メイプアップ",NULL,"1","2020-08-07 14:22:05","2020-08-07 14:22:05",NULL
"10","pghfw48c0cd8","アンブロタップ",NULL,"1","2020-08-07 14:22:13","2020-08-07 14:22:13",NULL
"11","pghfw7kn3s96","プロスタイルレギンス",NULL,"1","2020-08-07 14:22:22","2020-08-07 14:22:22",NULL
"12","pghfwdvn7cxt","キュリーナ",NULL,"1","2020-08-07 14:22:30","2020-08-07 14:22:30",NULL
"13","pghfwt34o6kd","Viage ( 6500 )",NULL,"1","2020-08-07 14:22:38","2020-10-26 11:21:09",NULL
"14","pghfxcgprxv6","Hug me",NULL,"1","2020-08-07 14:22:46","2020-08-07 14:22:56",NULL
"15","pghfxjra4rta","セノッピー",NULL,"1","2020-08-07 14:23:14","2020-08-07 14:23:14",NULL
"16","pghtszpqwa8w","肥後すっぽんもろみ酢",NULL,"1","2020-08-17 16:43:26","2020-09-11 12:26:39","2020-09-11 12:26:39"
"17","pghfxs8fbrnx","セノッピーチュアブル",NULL,"1","2020-08-17 16:43:48","2020-08-17 16:43:48",NULL
"18","pghtulu3ozy0","メディレギンス",NULL,"1","2020-08-17 16:45:13","2020-08-17 16:45:13",NULL
"19","pghtufhfk5fk","プレミアムスリムスキニーレギンス",NULL,"1","2020-08-17 16:45:18","2020-08-17 16:45:18",NULL
"20","pghwakbsda6n","test",NULL,"0","2020-08-21 12:18:12","2020-08-28 15:40:19",NULL
"21","pghu5fvtg8rs","ホワイトVCセラム",NULL,"1","2020-08-21 12:18:16","2020-08-21 12:18:16",NULL
"22","pghu5cnfxkm5","VIOTERAS Cセラム",NULL,"1","2020-08-21 12:18:21","2020-08-21 12:18:21",NULL
"23","pghu5agmobvb","リセラン",NULL,"1","2020-08-21 12:18:25","2020-08-21 12:18:25",NULL
"24","pghu58jb297d","ビハククリア",NULL,"1","2020-08-21 12:18:30","2020-08-21 12:18:30",NULL
"25","pghu56tz719u","ビハクシア",NULL,"1","2020-08-21 12:18:34","2020-08-21 12:18:34",NULL
"26","pghu543osf38","ラントゥルース",NULL,"1","2020-08-21 12:18:38","2020-08-21 12:18:38",NULL
"27","pghu51drjn77","シンデレラマシュマロ",NULL,"1","2020-08-21 12:18:43","2020-08-21 12:18:43",NULL
"28","pghu4zoytvpd","メディスラリガードル",NULL,"1","2020-08-21 12:18:47","2020-08-21 12:18:47",NULL
"29","pghu4xcigl8d","活力支援サプリメント",NULL,"1","2020-08-21 12:18:52","2020-08-21 12:18:52",NULL
"30","pghu4uvju4td","デトカルボ",NULL,"1","2020-08-21 12:18:56","2020-08-21 12:18:56",NULL
"31","pghu4sd62m8y","ギュギュブラ",NULL,"1","2020-08-21 12:19:01","2020-08-21 12:19:01",NULL
"32","pghu4psu47w8","エアリーキュット",NULL,"1","2020-08-21 12:19:05","2020-08-21 12:19:05",NULL
"33","pghu4mmetwk4","ギュギュギュ",NULL,"1","2020-08-21 12:19:10","2020-08-21 12:19:10",NULL
"34","pghu4kjki28s","キャットレッグスリム",NULL,"1","2020-08-21 12:19:14","2020-08-21 12:19:14",NULL
"35","pghu4idcuimp","ギュギュレギンス",NULL,"1","2020-08-21 12:19:19","2020-08-21 12:19:19",NULL
"36","pghu4ffdfmff","グラマラスパッツ",NULL,"1","2020-08-21 12:19:23","2020-08-21 12:19:23",NULL
"37","pghu4dqcjkza","スラリオ",NULL,"1","2020-08-21 12:19:28","2020-09-09 13:08:08",NULL
"38","pghu4aiajk8y","スリリンダブル",NULL,"1","2020-08-21 12:19:33","2020-08-21 12:19:33",NULL
"39","pghu47o2nwgs","ピュアフローラ",NULL,"1","2020-08-21 12:19:37","2020-08-21 12:19:37",NULL
"40","pghu45ajt31w","くろしろ",NULL,"1","2020-08-21 12:19:42","2020-08-21 12:19:42",NULL
"41","pghu42ktfhy1","ビハキュア",NULL,"1","2020-08-21 12:19:46","2020-08-21 12:19:46",NULL
"42","pghu3zgtigr8","メディソックスナイト",NULL,"1","2020-08-21 12:19:51","2020-08-21 12:19:51",NULL
"43","ghkvgvhlvl","花舟",NULL,"1","2020-08-31 15:58:57","2020-08-31 15:58:57",NULL
"44","m;ksdvdvd","競艇ダイヤモンド",NULL,"1","2020-08-31 15:59:13","2020-08-31 15:59:13",NULL
"45","bnljflfs","舟王",NULL,"1","2020-08-31 15:59:29","2020-08-31 15:59:29",NULL
"46","sdvbzfbsfbnf","NIGHT BOAT",NULL,"1","2020-08-31 16:00:11","2020-08-31 16:00:11",NULL
"47","knbkfdbnfb","24BOAT",NULL,"1","2020-08-31 16:00:26","2020-08-31 16:00:26",NULL
"48","jbbkbkjb","JACK POT",NULL,"1","2020-08-31 16:00:42","2020-08-31 16:00:42",NULL
"49","knlhhll","皇艇",NULL,"1","2020-08-31 16:00:54","2020-08-31 16:01:24",NULL
"50","ndvlsbnlnfnb","舟遊記",NULL,"1","2020-08-31 16:01:46","2020-08-31 16:01:46",NULL
"51","nlflfnbl","船の時代",NULL,"1","2020-08-31 16:01:59","2020-08-31 16:01:59",NULL
"52","ZX001","ネクストフューチャー",NULL,"1","2020-08-31 16:14:37","2020-08-31 18:48:31","2020-08-31 18:48:31"
"53","ZX002","ネクストフューチャー",NULL,"1","2020-08-31 16:14:55","2020-08-31 18:48:38","2020-08-31 18:48:38"
"54","ZX003","ネクストフューチャー",NULL,"1","2020-08-31 16:15:38","2020-08-31 18:48:45","2020-08-31 18:48:45"
"55","khbkhvkvk","ドリームガイドZX001",NULL,"1","2020-08-31 16:16:08","2020-08-31 18:49:01","2020-08-31 18:49:01"
"56","jfbebvnb","ドリームガイドZX002",NULL,"1","2020-08-31 16:16:37","2020-08-31 18:49:06","2020-08-31 18:49:06"
"57","vljfbnlfnbnf","ドリームガイドZX003",NULL,"1","2020-08-31 16:17:00","2020-08-31 18:49:12","2020-08-31 18:49:12"
"58",NULL,"mirumo / NIGHTBRA",NULL,"1","2020-08-31 16:22:44","2020-08-31 16:22:59","2020-08-31 16:22:59"
"59","ereer5rtht","エレアリーナイトブラ",NULL,"1","2020-08-31 16:26:18","2020-08-31 16:26:18",NULL
"60","irumovia4iga","Viage ナイトブラ/mirumo",NULL,"1","2020-08-31 16:28:34","2020-08-31 16:32:16","2020-08-31 16:32:16"
"61","tjidsjnle5","Viage Air/mirumo",NULL,"1","2020-08-31 16:29:09","2020-08-31 16:29:09",NULL
"62","kogibaopth","Viage Air/mirumo離脱",NULL,"1","2020-08-31 16:29:31","2020-08-31 16:29:31",NULL
"63","FW-k010","SMB（動物LP）エスエムビーFW-k010",NULL,"1","2020-08-31 16:29:42","2020-09-01 16:59:02",NULL
"64","asfjijssjier","Hug me/mirumo",NULL,"1","2020-08-31 16:29:56","2020-08-31 16:39:35","2020-08-31 16:39:35"
"65","FW-k011","SMB（動物LP）エスエムビーFW-k011",NULL,"1","2020-08-31 16:30:08","2020-09-01 16:59:10",NULL
"66","FW-k012","SMB（動物LP）エスエムビーFW-k012",NULL,"1","2020-08-31 16:30:27","2020-09-01 16:59:18",NULL
"67","FW-k013","SMB（動物LP）エスエムビーFW-k013",NULL,"1","2020-08-31 16:30:44","2020-09-01 16:59:28",NULL
"68","nggfdxn","SMB（動物LP）エスエムビー ブロック分",NULL,"1","2020-08-31 16:31:27","2020-08-31 16:31:27",NULL
"69","gkokaoiga","モテフィット",NULL,"1","2020-08-31 16:38:00","2020-08-31 16:38:00",NULL
"70","agbihoerj","マシュマロリッチ/mirumo",NULL,"1","2020-08-31 16:38:20","2020-08-31 16:41:39","2020-08-31 16:41:39"
"71","gnoijanswd","ふわっとマシュマロブラ",NULL,"1","2020-08-31 16:38:38","2020-08-31 16:38:38",NULL
"72","aniohbeoi","スラライン",NULL,"1","2020-08-31 16:40:04","2020-08-31 16:40:04",NULL
"73","arhojhwpok","シンデレラウォーク",NULL,"1","2020-08-31 16:40:34","2020-08-31 16:40:34",NULL
"74","adtgnijpn","ベルスレンダー",NULL,"1","2020-08-31 16:40:50","2020-08-31 16:40:50",NULL
"75","athjephjpoa","マジカルシェリー",NULL,"1","2020-08-31 16:41:01","2020-08-31 16:41:01",NULL
"76","athjephjpoa","マジカルシェリー",NULL,"1","2020-08-31 16:48:55","2020-08-31 17:07:20","2020-08-31 17:07:20"
"77","syjiojadha","スマートガードル",NULL,"1","2020-08-31 16:49:23","2020-08-31 16:49:23",NULL
"78","aiogjiarna","スラライン",NULL,"1","2020-08-31 17:04:11","2020-08-31 17:06:56","2020-08-31 17:06:56"
"79","aiojiaklaw","シンデレラウォーク",NULL,"1","2020-08-31 17:04:28","2020-08-31 17:07:03","2020-08-31 17:07:03"
"80","jdklsnb","ハクア―ジュ",NULL,"1","2020-08-31 17:19:48","2020-08-31 17:19:48",NULL
"81","dhlbjfnn","ビハクプラス",NULL,"1","2020-08-31 17:20:08","2020-08-31 17:20:08",NULL
"82","pgia0xsn0w9a","viageエアー",NULL,"1","2020-08-31 17:24:11","2020-08-31 17:24:11",NULL
"83","jvsjfbbjmbn","シミトリ―",NULL,"1","2020-08-31 17:26:00","2020-08-31 17:26:00",NULL
"84","mflmnfn","BISERA",NULL,"1","2020-08-31 17:26:35","2020-08-31 17:30:59",NULL
"85","sgnlnlbhnb","BIHACU",NULL,"1","2020-08-31 17:27:17","2020-08-31 17:27:17",NULL
"86","sdrnbdfbs","シェイプス",NULL,"1","2020-08-31 17:32:59","2020-08-31 17:32:59",NULL
"87","mtfjapatnj","エアリーキュット",NULL,"1","2020-08-31 17:38:23","2020-08-31 17:38:23",NULL
"88","nsijhtoahm","キュッとふんわりショーツ",NULL,"1","2020-08-31 17:41:41","2020-08-31 17:41:41",NULL
"89","jiasfjskljk","　カロリミット",NULL,"1","2020-08-31 17:44:25","2020-08-31 17:46:07","2020-08-31 17:46:07"
"90","jsiaijvfasjopf","カロリミット",NULL,"1","2020-08-31 17:46:24","2020-08-31 17:46:24",NULL
"91","jmipjpadtho","ベルスレンダー離脱防止タイプ①",NULL,"1","2020-08-31 17:48:37","2020-08-31 17:48:37",NULL
"92","niojhaponj","ベルスレンダー離脱防止タイプ②",NULL,"1","2020-08-31 17:48:59","2020-08-31 17:48:59",NULL
"93","huorifa","ベルスレンダー離脱防止mirumo",NULL,"1","2020-08-31 17:49:11","2020-08-31 17:49:20",NULL
"94","hioajhia","ベルスキニー離脱防止/mirumo",NULL,"1","2020-08-31 17:49:46","2020-08-31 17:50:07",NULL
"95","10up","プラステンアップ",NULL,"1","2020-08-31 18:01:54","2020-08-31 18:01:54",NULL
"96","fldmsn","SMB（資産LP）",NULL,"1","2020-08-31 18:30:32","2020-08-31 18:30:46","2020-08-31 18:30:46"
"97","jkbldvn","SMB（資産LP）3vyz",NULL,"1","2020-08-31 18:31:23","2020-08-31 18:31:23",NULL
"98","srdtfmh","SMB（資産LP）ブロック分",NULL,"1","2020-08-31 18:31:37","2020-08-31 18:31:37",NULL
"99","edfnmgj","エリートスタイル_ZX0001",NULL,"1","2020-08-31 18:32:22","2020-08-31 18:32:22",NULL
"100","ertyurt","エリートスタイル_ZX0020",NULL,"1","2020-08-31 18:32:36","2020-08-31 18:32:45",NULL
"101","139918785","スラライン",NULL,"1","2020-08-31 18:34:42","2020-08-31 18:34:42",NULL
"102","9874582476","シンデレラウォーク",NULL,"1","2020-08-31 18:34:54","2020-08-31 18:34:54",NULL
"103","ssfdnn","アンドユー（マネアップ）FW-a009",NULL,"1","2020-08-31 18:35:08","2020-08-31 18:35:08",NULL
"104","8971482834","ピエドサラ",NULL,"1","2020-08-31 18:35:14","2020-08-31 18:35:14",NULL
"105","asdfghj","SMB（新LP）FW-d009",NULL,"1","2020-08-31 18:35:44","2020-08-31 18:35:44",NULL
"106","sdfghjj","SMB（新LP）FW-d010",NULL,"1","2020-08-31 18:36:03","2020-08-31 18:36:03",NULL
"107","sr56iumnbdv","SMB（新LP）ブロック分",NULL,"1","2020-08-31 18:36:17","2020-08-31 18:36:17",NULL
"108","0001_00011","ZOOM（イージーベース）0001_00011",NULL,"1","2020-08-31 18:37:50","2020-08-31 19:25:10",NULL
"109","0001_00012","ZOOM（イージーベース）0001_00012",NULL,"1","2020-08-31 18:38:07","2020-08-31 19:25:20",NULL
"110","fw024","DATA",NULL,"1","2020-08-31 18:39:43","2020-08-31 18:42:26",NULL
"111","fw009","ストーリー（テレワークス）fw009",NULL,"1","2020-08-31 18:40:07","2020-08-31 18:42:17",NULL
"112","ec-001","リッチクラブ",NULL,"1","2020-08-31 18:41:22","2020-08-31 18:41:59",NULL
"113","3ir0","サルでも分かるお金儲け",NULL,"1","2020-08-31 18:41:43","2020-08-31 18:41:43",NULL
"114","ZX001","ユーネクストビジネス ZX001",NULL,"1","2020-08-31 18:49:21","2020-09-09 12:38:48",NULL
"115","ZX002","ユーネクストビジネス ZX002",NULL,"1","2020-08-31 18:49:38","2020-09-09 12:38:53",NULL
"116","ZX003","ユーネクストビジネス ZX003",NULL,"1","2020-08-31 18:49:47","2020-09-09 12:39:02",NULL
"117","zx001","ドリームガイドZX001",NULL,"1","2020-08-31 18:50:01","2020-08-31 18:52:33",NULL
"118","zx002","ドリームガイドZX002",NULL,"1","2020-08-31 18:50:13","2020-08-31 18:52:47",NULL
"119","zx003","ドリームガイドZX003",NULL,"1","2020-08-31 18:50:21","2020-08-31 18:52:57",NULL
"120","gnt","GNT-α",NULL,"1","2020-08-31 18:52:18","2020-08-31 18:52:18",NULL
"121","1249738632","ラグジュアリスリムレッグ",NULL,"1","2020-08-31 18:52:24","2020-08-31 18:52:24",NULL
"122","agu","アグメントパンツ",NULL,"1","2020-08-31 18:53:04","2020-08-31 18:53:04",NULL
"123","denka","殿下の砲塔",NULL,"1","2020-08-31 18:54:20","2020-08-31 18:54:20",NULL
"124","vaio","VAIO88",NULL,"1","2020-08-31 18:55:36","2020-08-31 18:55:36",NULL
"125","　vol","ヴォルスタービヨンド",NULL,"1","2020-08-31 18:56:38","2020-08-31 18:56:38",NULL
"126","tenga","活力支援サプリメント",NULL,"1","2020-08-31 18:57:49","2020-08-31 18:58:00","2020-08-31 18:58:00"
"127","vitox","ヴィトックスα",NULL,"1","2020-08-31 18:58:40","2020-08-31 18:58:40",NULL
"128","497u","テレワークス",NULL,"1","2020-08-31 19:26:01","2020-08-31 19:26:01",NULL
"129","asertfgyuhj","エクシード（ゲインチェック）",NULL,"1","2020-08-31 19:26:15","2020-08-31 19:26:15",NULL
"130","47mo","マネーパートナー",NULL,"1","2020-08-31 19:26:26","2020-08-31 19:26:26",NULL
"131","kgl001","懸賞ドリームプレゼント",NULL,"1","2020-08-31 19:26:35","2020-08-31 19:26:35",NULL
"132","42eu","キャッシュPLUSビジネス",NULL,"1","2020-08-31 19:26:44","2020-08-31 19:26:44",NULL
"133","ciay88dywu","アウトトレードシステム",NULL,"1","2020-08-31 19:26:54","2020-08-31 19:26:54",NULL
"134","fw_lt001","POM",NULL,"1","2020-08-31 19:27:04","2020-08-31 19:27:04",NULL
"135","R01","仮想通貨リサーチ",NULL,"1","2020-08-31 19:27:20","2020-08-31 19:27:20",NULL
"136","uka","UKA",NULL,"1","2020-08-31 22:54:55","2020-08-31 22:54:55",NULL
"137","cubire","CUBIRE",NULL,"1","2020-08-31 22:55:23","2020-08-31 22:55:23",NULL
"138","elfin","エルフィング",NULL,"1","2020-08-31 22:55:50","2020-08-31 22:55:50",NULL
"139","srario","スラリオ",NULL,"1","2020-08-31 22:56:21","2020-09-09 19:48:08","2020-09-09 19:48:08"
"140","recabo","リカボ(縛り)",NULL,"1","2020-08-31 22:56:50","2020-09-09 12:32:24",NULL
"141","sshndmfhg","ネクストフューチャーZX_003",NULL,"1","2020-09-01 10:59:20","2020-09-01 11:26:58","2020-09-01 11:26:58"
"142","sdtfgthrgfd","ドリームガイドzx_001",NULL,"1","2020-09-01 10:59:37","2020-09-01 11:26:51","2020-09-01 11:26:51"
"143","esrdfgythrg","SMB（資産LP）FW-a144",NULL,"1","2020-09-01 11:00:00","2020-09-01 11:00:00",NULL
"144","sdydgvc","リッチクラブec-069",NULL,"1","2020-09-01 11:00:35","2020-09-01 11:00:35",NULL
"145","syjytksm","ビアージュエア離脱mirumo",NULL,"1","2020-09-01 11:31:03","2020-09-01 11:31:03",NULL
"146","srdtfhgmn","Hug me / 離脱防止（CRP）",NULL,"1","2020-09-01 12:08:30","2020-09-01 12:09:58",NULL
"147","srdh","メタシボリ / 離脱防止（CRP）",NULL,"1","2020-09-01 16:57:54","2020-09-09 23:46:50","2020-09-09 23:46:50"
"148","sdtjfgmkf","ビハククリア / 離脱防止（CRP）",NULL,"1","2020-09-02 10:36:38","2020-09-02 10:36:38",NULL
"149","8785673634897","BELL SKINNY ( RDT )",NULL,"1","2020-09-03 09:39:15","2020-09-03 09:39:15",NULL
"150","kfdhfgk","マネージョブ",NULL,"1","2020-09-03 11:01:28","2020-09-03 11:01:28",NULL
"151","pgicjdpdsbve","メタシボリ ( 離脱防止 )",NULL,"1","2020-09-03 11:14:25","2020-09-03 11:14:25",NULL
"152","zdxsfnnjszb","レビウス",NULL,"1","2020-09-03 15:41:00","2020-09-03 15:41:00",NULL
"153","pgifszjuqt9n","Re-CABO -リカボ-(縛りなし)",NULL,"1","2020-09-05 16:37:02","2020-09-05 16:37:02",NULL
"154","3178735183","プロスタイルレギンス ( 商標 )",NULL,"1","2020-09-06 09:07:54","2020-09-06 09:07:54",NULL
"155","rdjngsm","レビウス / ブロック分",NULL,"1","2020-09-07 10:50:05","2020-10-02 17:06:06","2020-10-02 17:06:06"
"156","shnbnbl","SMB（資産LP）FW-a144　/ ブロック分",NULL,"1","2020-09-07 11:21:04","2020-09-07 11:21:04",NULL
"157","rfmgsshbn","(旧)ビハククリア",NULL,"1","2020-09-07 11:53:55","2020-09-08 12:56:05",NULL
"158","recabo1","Re-CABO①(縛りなし)","w0000278821(9/5〜)　(未)","1","2020-09-07 11:54:58","2020-09-09 19:52:06","2020-09-09 19:52:06"
"159","crp-r2","メタシボリ / 離脱防止(CRP女性2)",NULL,"1","2020-09-07 13:12:32","2020-09-09 23:46:02","2020-09-09 23:46:02"
"160","senoppi-ridatu","セノッピー(離脱防止)",NULL,"1","2020-09-07 17:08:00","2020-09-08 19:16:36","2020-09-08 19:16:36"
"161","pgii5u6weff1","セノッピー ( 離脱防止 )",NULL,"1","2020-09-07 17:33:05","2020-09-07 17:33:05",NULL
"162","pgii5p6t8ikb","Viage ナイトブラ ( 離脱防止 )",NULL,"1","2020-09-07 17:33:11","2020-09-07 17:33:11",NULL
"163","shdjgmncxb","Dr.Kesimy",NULL,"1","2020-09-08 18:58:31","2020-09-08 18:58:31",NULL
"164","dsghnbd","金活（キンカツ）",NULL,"1","2020-09-08 19:04:46","2020-09-08 19:04:46",NULL
"165","riabo2","Re-CABO②(縛りなし)","自動(未)  w0000278821","1","2020-09-09 12:33:39","2020-09-09 23:46:31","2020-09-09 23:46:31"
"166","surario2","スラリオ②","自動(未)","1","2020-09-09 12:46:28","2020-09-09 13:06:38","2020-09-09 13:06:38"
"167","pgikq80haokf","肥後すっぽんもろみ酢(4回縛り)",NULL,"1","2020-09-09 22:47:50","2020-09-09 22:47:50",NULL
"168","pgilkq9uihnx","テストPS",NULL,"1","2020-09-10 18:21:02","2020-09-10 18:21:02",NULL
"169","pgilomgypxbi","フラミンゴレギンス",NULL,"1","2020-09-10 18:37:48","2020-09-10 18:37:48",NULL
"170","srhtjnmnfhg","JOBTIME",NULL,"1","2020-09-11 18:34:08","2020-09-11 18:34:08",NULL
"171","sbhnfdfbn","SMB（資産LP）FW-a145",NULL,"1","2020-09-14 17:05:38","2020-09-14 17:05:38",NULL
"172","zjhnzdn","SMB（資産LP）FW-a145　/ ブロック分",NULL,"1","2020-09-14 17:06:51","2020-09-14 17:06:51",NULL
"173",NULL,"ルルクシェル",NULL,"1","2020-09-14 17:30:29","2020-09-14 17:35:02","2020-09-14 17:35:02"
"174","pgimwwf4up86","ルルクシェル",NULL,"1","2020-09-14 22:03:56","2020-09-14 22:03:56",NULL
"175","154794654657","フラミンゴレギンス",NULL,"0","2020-09-15 01:17:28","2020-09-23 18:49:36",NULL
"176","975818384751","BELL SLENDER ( RDT )",NULL,"1","2020-09-15 17:49:11","2020-09-15 17:49:11",NULL
"177","erhtm","ゲインチェック",NULL,"1","2020-09-16 18:52:29","2020-09-16 18:52:29",NULL
"178","sdghj","キャッシュポイントプラス",NULL,"1","2020-09-16 19:16:36","2020-09-16 19:16:36",NULL
"179","pgitj3jqa47p","BELL SKINNY",NULL,"1","2020-09-17 13:24:59","2020-10-16 17:27:20",NULL
"180","fdffchch","ながらプロジェクト",NULL,"1","2020-09-17 18:53:15","2020-09-17 18:53:15",NULL
"181","dfmfrfm","競艇バレット",NULL,"1","2020-09-18 10:58:05","2020-09-18 10:58:05",NULL
"182","pgiupumkto0g","鍛神（縛りなし）",NULL,"1","2020-09-18 22:05:40","2020-09-18 22:05:40",NULL
"183","pgiuphwvtivz","モリアージュ",NULL,"1","2020-09-18 22:05:47","2020-09-18 22:05:47",NULL
"184","sham","The EDGE Project",NULL,"1","2020-09-23 13:02:34","2020-09-23 13:02:34",NULL
"185","drhjtm","ユーネクストビジネス ZX002",NULL,"1","2020-09-23 19:26:05","2020-09-23 19:31:21","2020-09-23 19:31:21"
"186","esrhjtmku","ドリームガイドZX002",NULL,"1","2020-09-23 19:26:25","2020-09-23 19:31:31","2020-09-23 19:31:31"
"187","skhmnmd","エリートスタイル_ZX0032",NULL,"1","2020-09-23 19:27:05","2020-09-23 19:27:05",NULL
"188","asrdtjfykgu","リッチクラブec-047",NULL,"1","2020-09-23 19:27:33","2020-09-23 19:27:33",NULL
"189","sdvfg","ドリームガイドZX002",NULL,"1","2020-09-23 19:33:56","2020-09-23 19:33:56",NULL
"190","sdrtfyguhj","SMB_49ed",NULL,"1","2020-09-23 19:35:44","2020-09-23 19:35:44",NULL
"191","pgj0qmef8gwg","test",NULL,"1","2020-09-23 22:01:24","2020-09-23 22:01:24",NULL
"192","artuaiohjsdhuia","スリムバーレスク",NULL,"1","2020-09-24 10:25:45","2020-09-24 10:25:45",NULL
"193","pgj1l93ea2dx","ふわっとマシュマロブラ",NULL,"1","2020-09-24 13:01:46","2020-09-24 13:01:46",NULL
"194","pgj1l516p84x","ドクターケシミー",NULL,"1","2020-09-24 13:01:53","2020-09-24 13:01:53",NULL
"195","pgj1kzhzt3n1","CUBIRE","自動","1","2020-09-24 13:02:00","2020-09-25 07:45:31",NULL
"196","pgj1ktqm0ce6","エレアリーナイトブラ",NULL,"1","2020-09-24 13:02:06","2020-09-24 13:02:06",NULL
"197","pgj1kjxu6c9b","ピエド・サラ",NULL,"1","2020-09-24 13:02:13","2020-09-24 13:02:13",NULL
"198","pgj1kdw2611o","ビハクプラス",NULL,"1","2020-09-24 13:02:20","2020-09-24 13:02:20",NULL
"199","pgj1oe9e5w52","ミセルDライン",NULL,"1","2020-09-24 22:10:16","2020-09-24 22:10:16",NULL
"200","pgj67ia06y67","BELLSLENDER_YSS01 ( RDT )",NULL,"1","2020-09-28 22:01:45","2020-09-28 22:01:45",NULL
"201","pgj67gmhgjdu","BELLSLENDER_YSS01",NULL,"1","2020-09-28 22:01:52","2020-09-28 22:01:52",NULL
"202","pgj67exnj4hk","BELLSLENDER_mirumo ( RDT )",NULL,"1","2020-09-28 22:01:59","2020-09-28 22:01:59",NULL
"203","pgj67d0zxz8k","BELLSLENDER_mirumo",NULL,"1","2020-09-28 22:02:06","2020-09-28 22:02:06",NULL
"204","pgj67bdt3iei","BELLSLENDER_CRP02 ( RDT )",NULL,"1","2020-09-28 22:02:13","2020-09-28 22:02:13",NULL
"205","pgj679ku07w7","BELLSLENDER_CRP02",NULL,"1","2020-09-28 22:02:20","2020-09-28 22:02:20",NULL
"206","pgj677dclg0n","BELLSLENDER_CRP01 ( RDT )",NULL,"1","2020-09-28 22:02:27","2020-09-28 22:02:27",NULL
"207","pgj674vfn1jt","BELLSLENDER_CRP01",NULL,"1","2020-09-28 22:02:33","2020-09-28 22:02:33",NULL
"208","pgj66yw2jr7w","BELLSKINNY_YSS01 ( RDT )",NULL,"1","2020-09-28 22:02:41","2020-09-28 22:02:41",NULL
"209","pgj66oo2auor","BELLSKINNY_YSS01",NULL,"1","2020-09-28 22:02:48","2020-09-28 22:02:48",NULL
"210","pgj66ipnkn5j","BELLSKINNY_mirumo ( RDT )",NULL,"1","2020-09-28 22:02:54","2020-09-28 22:02:54",NULL
"211","pgj66go8fwof","BELLSKINNY_mirumo",NULL,"1","2020-09-28 22:03:01","2020-09-28 22:03:01",NULL
"212","pgj66dv8jm9a","BELLSKINNY_CRP05 ( RDT )",NULL,"1","2020-09-28 22:03:08","2020-09-28 22:03:08",NULL
"213","pgj66buyytor","BELLSKINNY_CRP05",NULL,"1","2020-09-28 22:03:15","2020-09-28 22:03:15",NULL
"214","pgj669qgz1mm","BELLSKINNY_CRP04 ( RDT )",NULL,"1","2020-09-28 22:03:22","2020-09-28 22:03:22",NULL
"215","pgj667b7nk6h","BELLSKINNY_CRP04",NULL,"1","2020-09-28 22:03:28","2020-09-28 22:03:28",NULL
"216","pgj664fezz3j","BELLSKINNY_CRP02 ( RDT )",NULL,"1","2020-09-28 22:03:35","2020-09-28 22:03:35",NULL
"217","pgj661jtyz2q","BELLSKINNY_CRP02",NULL,"1","2020-09-28 22:03:42","2020-09-28 22:03:42",NULL
"218","pgj65xfy56mp","BELLSKINNY_CRP01 ( RDT )",NULL,"1","2020-09-28 22:03:49","2020-09-28 22:03:49",NULL
"219","zigm","ZiGMα",NULL,"1","2020-09-29 00:27:06","2020-09-29 00:27:35",NULL
"220","pgj7ngnzob77","シズカゲル",NULL,"1","2020-09-29 22:03:14","2020-09-29 22:03:14",NULL
"221","sdfgtre","SMB / ブロック分_49ed",NULL,"1","2020-10-02 17:23:38","2020-10-02 17:23:38",NULL
"222","pgjax7bs3ekg","ドリーミンアイリッチ",NULL,"1","2020-10-02 22:05:05","2020-10-02 22:05:05",NULL
"223","dshnfzd","CREATE_zx_001",NULL,"1","2020-10-04 14:32:11","2020-10-04 14:33:01",NULL
"224","ldhnlnblfb","CREATE_zx_002",NULL,"1","2020-10-04 14:33:39","2020-10-04 14:33:39",NULL
"225","nbfnbffb","CREATE_zx_003",NULL,"1","2020-10-04 14:33:57","2020-10-04 14:33:57",NULL
"226","pgjeh2gp3w10","ナイトアイボーテ ( RDT )",NULL,"1","2020-10-05 22:01:30","2020-10-05 22:01:30",NULL
"227","pgjegtujqk4b","ナイトアイボーテ",NULL,"1","2020-10-05 22:01:37","2020-10-05 22:01:37",NULL
"228","ahsdfjhaihthjgj","BELLE SKINNY (column)",NULL,"1","2020-10-07 10:00:49","2020-10-07 10:00:49",NULL
"229","shfnzdn","マネアップFW-c066",NULL,"1","2020-10-07 18:41:02","2020-10-07 18:42:13",NULL
"230","dsbndfsnf","モバワク！",NULL,"1","2020-10-09 14:42:01","2020-10-09 14:42:01",NULL
"231","sdfgh","アンカーソン / モバワク！",NULL,"1","2020-10-09 17:07:50","2020-10-30 19:03:02",NULL
"232","pgjja11l9wst","シミトリー",NULL,"1","2020-10-09 22:08:34","2020-10-09 22:08:34",NULL
"233","fcfhcch","マネアップFW-c067",NULL,"1","2020-10-10 17:56:24","2020-10-10 17:56:24",NULL
"234","sdmng","SMB（新LP）FW-d010",NULL,"1","2020-10-12 16:12:17","2020-10-12 16:37:13",NULL
"235","bzsdf bn","ビハキュア",NULL,"1","2020-10-12 18:18:23","2020-10-12 18:18:23",NULL
"236","sdhnndmn","マネアップFW-c088",NULL,"1","2020-10-12 18:36:00","2020-10-12 18:36:00",NULL
"237","pgjptoj4f4yj","リセラン",NULL,"1","2020-10-15 13:09:07","2020-10-15 13:09:07",NULL
"238","szdbd","テレワークス_fw061",NULL,"1","2020-10-16 19:43:16","2020-10-16 19:43:16",NULL
"239","pgjr89r0a8uj","BELL SKINNY_FB",NULL,"1","2020-10-16 22:09:50","2020-10-16 22:09:50",NULL
"240","pgitj2h2s0if","BELL SKINNY",NULL,"1","2020-10-16 22:10:04","2020-10-16 22:10:04",NULL
"241","lups1","LUPS LX",NULL,"1","2020-10-19 20:57:02","2020-10-19 21:00:24",NULL
"242","pgjvlimhtdrt","B.B.B（トリプルビー）",NULL,"1","2020-10-20 13:06:26","2020-10-20 13:06:26",NULL
"243","sadvb","アンカーソン（モバワク）FW-y027",NULL,"1","2020-10-21 17:16:13","2020-10-21 17:17:24",NULL
"244","pgjx4ehl0t3s","ビハクシア",NULL,"1","2020-10-21 22:04:08","2020-10-21 22:04:08",NULL
"245","pgjx3jw3497h","プラステンアップ",NULL,"1","2020-10-21 22:04:15","2020-10-21 22:04:15",NULL
"246","pgjxw81laiyw","VIOTERAS Cセラム ※黒",NULL,"1","2020-10-22 13:08:46","2020-10-22 13:08:46",NULL
"247","eshjdndgmndm","サルでも分かるお金儲け / ブロック分",NULL,"1","2020-10-23 14:10:22","2020-10-23 16:18:44","2020-10-23 16:18:44"
"248","sjnmndmndgmn","マネアップ_FW-c113",NULL,"1","2020-10-23 17:01:10","2020-10-23 17:01:10",NULL
"249","shjndgg","エリートスタイル_ZX0001 / 10/26～",NULL,"1","2020-10-26 10:03:37","2020-10-26 10:03:37",NULL
"250","kjsdhaifahihihrga","Viage ナイトブラ ( 7000 )",NULL,"1","2020-10-26 10:20:39","2020-10-26 11:22:13","2020-10-26 11:22:13"
"251","pgk2izesdq0h","Viage ナイトブラ 離脱防止 ( 単価7,000 )",NULL,"1","2020-10-26 11:41:39","2020-10-26 11:41:39",NULL
"252","pgk2iw8pqb17","Viage ナイトブラ ( 単価7,000 )",NULL,"1","2020-10-26 11:41:46","2020-10-26 11:41:46",NULL
"253","hndfdfwn","エリートスタイル_ZX0020 / 10/26～",NULL,"1","2020-10-26 18:13:05","2020-10-26 18:13:05",NULL
"254","fljhm;bn;fsd","エリートスタイル_ZX0032 / 10/26～",NULL,"1","2020-10-26 18:13:21","2020-10-26 18:13:21",NULL
"255","pgk5506o7h92","ビハキュア（強訴求）",NULL,"1","2020-10-28 22:03:54","2020-10-28 22:03:54",NULL
"256","dbn fzf","PocketBank_エクスチェンジ",NULL,"1","2020-10-30 19:00:39","2020-11-10 18:14:32",NULL
"257","svsdvbssdfb","ユーネクストビジネス ZX001 / 2,200円",NULL,"1","2020-10-30 20:00:05","2020-10-30 20:00:05",NULL
"258","dmnmrtgmrm","ユーネクストビジネス ZX002 / 2,200円",NULL,"1","2020-10-30 20:02:39","2020-10-30 20:02:39",NULL
"259","vj;sdklbsbnl","ユーネクストビジネス ZX003 / 2,200円",NULL,"1","2020-10-30 20:03:52","2020-10-30 20:03:52",NULL
"260","pgk428p6gzk0","新LPセノッピーチュアブル",NULL,"1","2020-10-30 22:12:49","2020-10-30 22:12:49",NULL
"261","pgkcxtfwg6d4","ミケンディープパッチ",NULL,"1","2020-11-04 11:52:37","2020-11-04 11:52:37",NULL
"262","pgk66js4syl9","リンクルスポットマスク",NULL,"1","2020-11-04 11:52:44","2020-11-04 11:52:44",NULL
"263","pgk66e2sm6cn","3Dマイクロフィラー_LP01",NULL,"1","2020-11-04 11:52:52","2020-11-04 11:52:52",NULL
"264","sdbnklddfzndf","movingmoney",NULL,"1","2020-11-04 12:29:41","2020-11-04 12:29:41",NULL
"265","sabsdsdfs","MONEUP",NULL,"1","2020-11-04 20:35:43","2020-11-04 20:35:43",NULL
"266","pgkcxzocuo8u","オデコディープパッチ",NULL,"1","2020-11-04 22:06:00","2020-11-04 22:06:00",NULL
"267","pgke9739k42r","LOCARI ベルスキニー",NULL,"1","2020-11-05 22:14:54","2020-11-05 22:14:54",NULL
"268","pgkd1o9pvb2e","BELL SKINNY 直LP コード",NULL,"1","2020-11-05 22:15:05","2020-11-05 22:15:05",NULL
"269","dkbsnk","Pocket Bank Gプロ",NULL,"1","2020-11-06 11:24:08","2020-11-06 11:25:14",NULL
"270","pgkjvtpjeal8","ヒアロディープパッチ",NULL,"1","2020-11-10 12:00:13","2020-11-10 12:00:13",NULL
"271","jdbfnxcmdf b","PocketBank_Gプロ",NULL,"1","2020-11-10 17:45:37","2020-11-10 17:45:37",NULL
"272",NULL,"Galaxy100EXαPLUS",NULL,"1","2020-11-10 18:38:41","2020-11-10 18:38:41",NULL
"273",NULL,"Galaxy100EXαPLUS(商標)",NULL,"1","2020-11-10 18:39:16","2020-11-10 18:39:16",NULL
"274","pgkk7b6xjo27","メディレギンス W+",NULL,"1","2020-11-10 22:08:24","2020-11-10 22:08:24",NULL
"275","pgkmdcu3t38h","PGナイトブラ",NULL,"1","2020-11-12 22:04:29","2020-11-12 22:04:29",NULL
"276","f:k:fbn;sdfmn","マネアップ_FW-c066 / 1750",NULL,"1","2020-11-16 16:03:15","2020-11-16 16:03:56",NULL
"277","pgkr4rup7t3t","ベルタヘアローション",NULL,"1","2020-11-16 22:13:10","2020-11-16 22:13:10",NULL
"278","pgkqwuku8k9v","マイナチュレ",NULL,"1","2020-11-16 22:13:18","2020-11-16 22:13:18",NULL
"279","pgktfbcn4mj2","シロバリ",NULL,"1","2020-11-18 22:09:24","2020-11-18 22:09:24",NULL
"280","pgkt62llwlpr","ヘアリシェ",NULL,"1","2020-11-18 22:09:32","2020-11-18 22:09:32",NULL
"281","fnbkfbnzfbk","ワーケーション_フットワーク",NULL,"1","2020-11-19 15:28:44","2020-11-19 19:15:34",NULL
"282","dbbfsfb","アンカーソン（モバワク）FW-y028",NULL,"1","2020-11-19 15:42:21","2020-11-19 15:42:21",NULL
"283","szdｂ","ワーケーション_Gプロ",NULL,"1","2020-11-19 19:17:44","2020-11-19 19:17:44",NULL
"284","pgkun1zacc7i","CV test",NULL,"1","2020-11-19 22:05:16","2020-11-19 22:05:16",NULL
"285","pgkr6kk2nmip","ヘアモア",NULL,"1","2020-11-19 22:05:24","2020-11-19 22:05:24",NULL
"286","jdsjjb","マネタイズクリエイション",NULL,"1","2020-11-20 10:42:12","2020-11-20 10:43:40","2020-11-20 10:43:40"
"287","jpdogjpsdfbj","マネタイズクリエイション",NULL,"1","2020-11-20 12:17:06","2020-11-20 12:17:06",NULL
"288","slimflash","スリムフラッシュ","手動","1","2020-11-20 15:51:32","2020-11-20 15:51:32",NULL
"289","pgkvvwrj80po","ヒアロディープパッチヒアロ（RDT）",NULL,"1","2020-11-20 22:04:26","2020-11-20 22:04:26",NULL
"290","pgkvjg5g0flm","新メタシボリ（商標）",NULL,"1","2020-11-20 22:04:34","2020-11-20 22:04:34",NULL
"291","pgkvjao4qcme","新メタシボリ",NULL,"1","2020-11-20 22:04:42","2020-11-20 22:04:42",NULL
"292","pgkyasbjwmwt","リンクルスポットマスク（RDT）",NULL,"1","2020-11-23 11:02:47","2020-11-23 11:02:47",NULL
"293","dsbffb n","BOATSTAR",NULL,"1","2020-11-24 18:16:31","2020-11-24 18:16:31",NULL
"294","pgl1f31thk4n","新エルフィング",NULL,"1","2020-11-25 22:02:30","2020-11-26 16:47:54",NULL
"295","pgl1epzj04sr","ビセラ",NULL,"1","2020-11-25 22:02:38","2020-12-01 10:53:50",NULL
"296","pgl17z55pcwy","新メタシボリ（離脱防止）",NULL,"1","2020-11-25 22:02:46","2020-11-25 22:02:46",NULL
"297","pgl1gzs3zrdj","ベルミス",NULL,"1","2020-11-26 11:04:19","2020-11-26 11:04:19",NULL
"298","pgl1hjg9xvmo","リジュン",NULL,"1","2020-11-27 11:08:03","2020-11-27 11:08:03",NULL
"299","sfnbd g","Good!!",NULL,"1","2020-11-27 12:33:25","2020-11-27 12:33:25",NULL
"300","kfbnfnbf","クリエイト_1,700",NULL,"1","2020-11-28 10:27:14","2020-11-28 10:27:14",NULL
"301","pgl78ehcii6g","スラボディ",NULL,"1","2020-11-30 22:06:49","2020-11-30 22:06:49",NULL
"302","pgl8fburrpwt","新セノッピーチュアブル（クオルバ有）",NULL,"1","2020-12-01 22:12:17","2020-12-01 22:12:17",NULL
"303","pgl8f7slnm85","新セノッピー（クオルバ有）",NULL,"1","2020-12-01 22:12:25","2020-12-01 22:12:25",NULL
"304","pgl8ey5jr5bq","新モリアージュ",NULL,"1","2020-12-01 22:12:33","2020-12-01 22:12:33",NULL
"305","pgl86yrhsbfd","ビセラ メンズLP",NULL,"1","2020-12-01 22:12:40","2020-12-01 22:12:40",NULL
"306",";lmb;md","副業マイスター",NULL,"1","2020-12-02 14:47:24","2020-12-02 14:47:24",NULL
"307",";lmb;md","副業マイスター",NULL,"1","2020-12-02 14:47:25","2020-12-02 14:48:16","2020-12-02 14:48:16"
"308","pglah9iqrwr4","新LUNAブラ",NULL,"1","2020-12-03 22:15:19","2020-12-03 22:15:19",NULL
"309","pglagwrbdetw","新よくばりキレイの生酵素",NULL,"1","2020-12-03 22:15:28","2020-12-03 22:15:28",NULL
